id,name,date,time_spent,notes
3,Test New Time Input Conversion Functions,10/07/16,0:20:00,
4,Test New Time Input Functions 2,10/07/16,0:20:00,
5,Test Minutes over 60,10/07/16,1:30:00,
6,Test Minutes 1439,10/07/16,23:59:00,
8,Test ID and Long Notes,10/11/16,0:20:00,"Long
Note
3 lines
"
9,Test after long notes?,10/11/16,0:05:00,"Test
"
11,Test One More Time,10/11/16,0:02:00,"Test
"
12,Test New Line Character,10/12/16,0:20:00,"\nTest\nNewline
"
13,Test New line again,10/12/16,0:05:00,\nTest\nNew\nLine//////
14,Test New Line 6,10/12/16,0:05:00,"
New
Line
Test
"
